alexandria, ghcr.io/ocicl/alexandria@sha256:407634b0781b2d8fc3e55a30432bcb5d0c042af2feb2d1d72de825940b0fb0df, alexandria-20260812-f283e25/alexandria.asd
archive, ghcr.io/ocicl/archive@sha256:05385cccdaaedddb9bfc2195c6aa81b7df6c36261c6d202bcc8d0094e6466ac1, archive-20240503-631271c/archive.asd
array-utils, ghcr.io/ocicl/array-utils@sha256:a74a7050591fc003ec9c35f1de8f41a5c8ac1a6157ced767ed6e5a73c2596cbf, array-utils-20260218-16e108a/array-utils.asd
array-utils-test, ghcr.io/ocicl/array-utils@sha256:a74a7050591fc003ec9c35f1de8f41a5c8ac1a6157ced767ed6e5a73c2596cbf, array-utils-20260218-16e108a/array-utils-test.asd
atomics, ghcr.io/ocicl/atomics@sha256:47645f75191931211547cdcf578a40b24019d58f48c83d93e9055aec79c877fd, atomics-20260218-ce398c4/atomics.asd
atomics-test, ghcr.io/ocicl/atomics@sha256:47645f75191931211547cdcf578a40b24019d58f48c83d93e9055aec79c877fd, atomics-20260218-ce398c4/atomics-test.asd
autoload, ghcr.io/ocicl/mgl-pax-bootstrap@sha256:1c15644701ad5b8e441b2724c265c995437052beb52322c447816c3cc17c564a, mgl-pax-20260313-f7f9414/autoload/autoload.asd
babel, ghcr.io/ocicl/babel@sha256:9d9fcde71acc2b5c39572de4f11756a08c1d8801caa86c581b85dabaa35928b3, babel-20250905-4eaf3f2/babel.asd
babel-streams, ghcr.io/ocicl/babel@sha256:9d9fcde71acc2b5c39572de4f11756a08c1d8801caa86c581b85dabaa35928b3, babel-20250905-4eaf3f2/babel-streams.asd
babel-tests, ghcr.io/ocicl/babel@sha256:9d9fcde71acc2b5c39572de4f11756a08c1d8801caa86c581b85dabaa35928b3, babel-20250905-4eaf3f2/babel-tests.asd
bobbin, ghcr.io/ocicl/bobbin@sha256:7368d88e9f1d8a94b9bddf5e1887e384ef738235570142dd1cfe98c90077cc13, bobbin-20240503-b454e82/bobbin.asd
bordeaux-threads, ghcr.io/ocicl/bordeaux-threads@sha256:bbb32afe3987e102149cc019f4f7366a05f7a37d1503f5f86a27745e671c320a, bordeaux-threads-0.9.4/bordeaux-threads.asd
cffi, ghcr.io/ocicl/cffi@sha256:5233d1704f5e84297dbd776e5e45aa409ccc155a29baa51c1b912e69e983d4c0, cffi-20260716-7910d7e/cffi.asd
cffi-examples, ghcr.io/ocicl/cffi@sha256:5233d1704f5e84297dbd776e5e45aa409ccc155a29baa51c1b912e69e983d4c0, cffi-20260716-7910d7e/cffi-examples.asd
cffi-grovel, ghcr.io/ocicl/cffi@sha256:5233d1704f5e84297dbd776e5e45aa409ccc155a29baa51c1b912e69e983d4c0, cffi-20260716-7910d7e/cffi-grovel.asd
cffi-libffi, ghcr.io/ocicl/cffi@sha256:5233d1704f5e84297dbd776e5e45aa409ccc155a29baa51c1b912e69e983d4c0, cffi-20260716-7910d7e/cffi-libffi.asd
cffi-tests, ghcr.io/ocicl/cffi@sha256:5233d1704f5e84297dbd776e5e45aa409ccc155a29baa51c1b912e69e983d4c0, cffi-20260716-7910d7e/cffi-tests.asd
cffi-toolchain, ghcr.io/ocicl/cffi@sha256:5233d1704f5e84297dbd776e5e45aa409ccc155a29baa51c1b912e69e983d4c0, cffi-20260716-7910d7e/cffi-toolchain.asd
cffi-uffi-compat, ghcr.io/ocicl/cffi@sha256:5233d1704f5e84297dbd776e5e45aa409ccc155a29baa51c1b912e69e983d4c0, cffi-20260716-7910d7e/cffi-uffi-compat.asd
chanl, ghcr.io/ocicl/chanl@sha256:ea6d3c99454dbe5df300a0754ce48553cdd0517ac7b051e61566b795aa155f47, chanl-20250130-d61f340/chanl.asd
chipz, ghcr.io/ocicl/chipz@sha256:fae0fae0c93199ba57c92d9102245a55c8a2c12af4442e0b141d5670bef4f2f0, chipz-20240503-6f80368/chipz.asd
chunga, ghcr.io/ocicl/chunga@sha256:a2558d54ac5d4ccdbf49d7b51fcb074762d77e263ec67245f6d2928477b6d19a, chunga-20250814-1310e96/chunga.asd
cl-base64, ghcr.io/ocicl/cl-base64@sha256:702412dbc1ed825e275fb23e22c29527eb786bf644e47c7621bf0dbb34e17c7e, cl-base64-20240503-80496b7/cl-base64.asd
cl-base64-tests, ghcr.io/ocicl/cl-base64@sha256:702412dbc1ed825e275fb23e22c29527eb786bf644e47c7621bf0dbb34e17c7e, cl-base64-20240503-80496b7/cl-base64-tests.asd
cl-cancel, ghcr.io/ocicl/cl-cancel@sha256:b6e6387eed5027d5becb5fa18b370c1c3a755daf26bca037007018a611bcd353, cl-cancel-20260206-bec34fb/cl-cancel.asd
cl-cookie, ghcr.io/ocicl/cl-cookie@sha256:2c3efe5b8518a09dcca46c2180593e75c02a0c8b45583a7549b916a2f2fb023d, cl-cookie-20260406-355f9c1/cl-cookie.asd
cl-cookie-test, ghcr.io/ocicl/cl-cookie@sha256:2c3efe5b8518a09dcca46c2180593e75c02a0c8b45583a7549b916a2f2fb023d, cl-cookie-20260406-355f9c1/cl-cookie-test.asd
cl-fad, ghcr.io/ocicl/cl-fad@sha256:c0aaffc859e419e0a94cedb08f48c2484da404363fb0fe4ffd6e09a80aadafe1, cl-fad-0.7.6/cl-fad.asd
cl-json, ghcr.io/ocicl/cl-json@sha256:54c4d00901c2c5b0ea9da11eed8f0104fc5819e1ed9a29d1f3364503a720a868, cl-json-20240907-994dd38/cl-json.asd
cl-postgres_plus_local-time, ghcr.io/ocicl/local-time@sha256:73545a4ff5ab4edc96acf2affd1cbe28295d655d7bd51eaff509269a476b6bda, local-time-20260812-59d93f7/cl-postgres+local-time.asd
cl-ppcre, ghcr.io/ocicl/cl-ppcre@sha256:bf073924cf4fd5957a4fd961a95d446ed0e53fa32a5002cbd2d52182874f45e5, cl-ppcre-20250606-a2ea581/cl-ppcre.asd
cl-ppcre-unicode, ghcr.io/ocicl/cl-ppcre@sha256:bf073924cf4fd5957a4fd961a95d446ed0e53fa32a5002cbd2d52182874f45e5, cl-ppcre-20250606-a2ea581/cl-ppcre-unicode.asd
cl-reexport, ghcr.io/ocicl/cl-reexport@sha256:c795feb3e3727a19e61797187eb31bac1e855b1332335d26752200a28e9b9da8, cl-reexport-20240503-03ad7a0/cl-reexport.asd
cl-reexport-test, ghcr.io/ocicl/cl-reexport@sha256:c795feb3e3727a19e61797187eb31bac1e855b1332335d26752200a28e9b9da8, cl-reexport-20240503-03ad7a0/cl-reexport-test.asd
cl-selfupdate, ghcr.io/ocicl/cl-selfupdate@sha256:d4c4cfb0aecde5f811e6614cc16b3c80587416f3a6e07858d85c891eee7c4f0e, cl-selfupdate-20260412-ee7dcdc/cl-selfupdate.asd
cl-semver, ghcr.io/ocicl/cl-semver@sha256:519cd56427e124fddf732c284f391dfd22da99e1b01d1f2512cbf2e3465bad1f, cl-semver-20240503-b125d2c/cl-semver.asd
cl-semver-test, ghcr.io/ocicl/cl-semver@sha256:519cd56427e124fddf732c284f391dfd22da99e1b01d1f2512cbf2e3465bad1f, cl-semver-20240503-b125d2c/cl-semver-test.asd
cl-utilities, ghcr.io/ocicl/cl-utilities@sha256:e5e0676a4e0627332a0fe64d56ed4f1890f0466d715a11e8d95561b4c2baa38f, cl-utilities-20240503-6b4de39/cl-utilities.asd
cl_plus_ssl, ghcr.io/ocicl/cl_plus_ssl@sha256:d50fbbba38827e835eec2415744e0fb05a2a0bf4d44940cdc23922f15036efe5, cl-plus-ssl-20251220-499b2f5/cl+ssl.asd
cl_plus_ssl.test, ghcr.io/ocicl/cl_plus_ssl@sha256:d50fbbba38827e835eec2415744e0fb05a2a0bf4d44940cdc23922f15036efe5, cl-plus-ssl-20251220-499b2f5/cl+ssl.test.asd
clingon, ghcr.io/ocicl/clingon@sha256:27d1426613e66fd28223c737bd7886dfdd4f20df742212bd0903c2fc6791871f, clingon-20260807-e7e936b/clingon.asd
clingon.demo, ghcr.io/ocicl/clingon@sha256:27d1426613e66fd28223c737bd7886dfdd4f20df742212bd0903c2fc6791871f, clingon-20260807-e7e936b/clingon.demo.asd
clingon.intro, ghcr.io/ocicl/clingon@sha256:27d1426613e66fd28223c737bd7886dfdd4f20df742212bd0903c2fc6791871f, clingon-20260807-e7e936b/clingon.intro.asd
clingon.test, ghcr.io/ocicl/clingon@sha256:27d1426613e66fd28223c737bd7886dfdd4f20df742212bd0903c2fc6791871f, clingon-20260807-e7e936b/clingon.test.asd
closer-mop, ghcr.io/ocicl/closer-mop@sha256:39ec579e68118a8be57a7882812ff31094a031f88b77f11cf4434a92261f1126, closer-mop-20260329-04db182/closer-mop.asd
clss, ghcr.io/ocicl/clss@sha256:be439e8c90b3070c98206448a7ee867af9aecef97c1faf698e09fa3be4c0025a, CLSS-20260218-cd5f603/clss.asd
com.inuoe.jzon, ghcr.io/ocicl/com.inuoe.jzon@sha256:b0cfbc3d8fb3c09526d92575b40b13a68ad93be7edeb48fd69dcea053c5611a5, jzon-20251113-f05afbb/com.inuoe.jzon.asd
com.inuoe.jzon-tests, ghcr.io/ocicl/com.inuoe.jzon@sha256:b0cfbc3d8fb3c09526d92575b40b13a68ad93be7edeb48fd69dcea053c5611a5, jzon-20251113-f05afbb/com.inuoe.jzon-tests.asd
dexador, ghcr.io/ocicl/dexador@sha256:2e1ffc553039088c4ef9d30dc34f6b436fcccfa911340eb50f42199cd235394a, dexador-20260406-f068b40/dexador.asd
dexador-test, ghcr.io/ocicl/dexador@sha256:2e1ffc553039088c4ef9d30dc34f6b436fcccfa911340eb50f42199cd235394a, dexador-20260406-f068b40/dexador-test.asd
dexador-usocket, ghcr.io/ocicl/dexador@sha256:2e1ffc553039088c4ef9d30dc34f6b436fcccfa911340eb50f42199cd235394a, dexador-20260406-f068b40/dexador-usocket.asd
documentation-utils, ghcr.io/ocicl/documentation-utils@sha256:b2a1b3f3bcd1a738af85ae2b0168d408c177661eab6d6bbebb254e394d983f54, documentation-utils-20230511-98630dd/documentation-utils.asd
drakma, ghcr.io/ocicl/drakma@sha256:31c746295d1308c7133f0b7cb64648513bc63c96db02ea8a36be37e32ee5ffe5, drakma-2.0.10/drakma.asd
drakma-test, ghcr.io/ocicl/drakma@sha256:31c746295d1308c7133f0b7cb64648513bc63c96db02ea8a36be37e32ee5ffe5, drakma-2.0.10/drakma-test.asd
dref, ghcr.io/ocicl/mgl-pax-bootstrap@sha256:1c15644701ad5b8e441b2724c265c995437052beb52322c447816c3cc17c564a, mgl-pax-20260313-f7f9414/dref/dref.asd
dref-test, ghcr.io/ocicl/mgl-pax-bootstrap@sha256:1c15644701ad5b8e441b2724c265c995437052beb52322c447816c3cc17c564a, mgl-pax-20260313-f7f9414/dref/dref-test.asd
dref-test-package-inferred, ghcr.io/ocicl/mgl-pax-bootstrap@sha256:1c15644701ad5b8e441b2724c265c995437052beb52322c447816c3cc17c564a, mgl-pax-20260313-f7f9414/dref/test/data/dref-test-package-inferred.asd
esrap, ghcr.io/ocicl/esrap@sha256:d1748dc272d987937d759d2376dc18027efb1ed84c4b3561a367be3b4233183a, esrap-20251010-54debc5/esrap.asd
fast-http, ghcr.io/ocicl/fast-http@sha256:1eb91157b8adb9c46c7b80cd0078819d49d6ec397c7a7a072c94dbfab3271964, fast-http-20260406-03d440d/fast-http.asd
fast-http-test, ghcr.io/ocicl/fast-http@sha256:1eb91157b8adb9c46c7b80cd0078819d49d6ec397c7a7a072c94dbfab3271964, fast-http-20260406-03d440d/fast-http-test.asd
fast-io, ghcr.io/ocicl/fast-io@sha256:7ba35a0eddf00b3c25656b3c5a93e95460f6cb8f807afbc04ef4f50076d95aff, fast-io-20240503-a4c5ad6/fast-io.asd
fast-io-test, ghcr.io/ocicl/fast-io@sha256:7ba35a0eddf00b3c25656b3c5a93e95460f6cb8f807afbc04ef4f50076d95aff, fast-io-20240503-a4c5ad6/fast-io-test.asd
fiveam, ghcr.io/ocicl/fiveam@sha256:e283043dc8d31e8df2b214465cf5a06ea07bdbea10e600a40e17aaf9518226ac, fiveam-20240928-e43d6c8/fiveam.asd
flexi-streams, ghcr.io/ocicl/flexi-streams@sha256:95005b06a8a95c82780c75ead53810bcb273d07fcf5fe76b527f1856df9923f2, flexi-streams-20240503-4951d57/flexi-streams.asd
flexi-streams-test, ghcr.io/ocicl/flexi-streams@sha256:95005b06a8a95c82780c75ead53810bcb273d07fcf5fe76b527f1856df9923f2, flexi-streams-20240503-4951d57/flexi-streams-test.asd
float-features, ghcr.io/ocicl/float-features@sha256:6dc61e2772a7deb8431b3815b23f3b22824d5c29af7bb570bd112f3d6169a045, float-features-20260813-a332845/float-features.asd
float-features-tests, ghcr.io/ocicl/float-features@sha256:64922efd92a08670cf8292ea56dfff29c577d36d8a7f7576cea0c031805c52d2, float-features-20250813-cd5dab0/float-features-tests.asd
form-fiddle, ghcr.io/ocicl/form-fiddle@sha256:58b6cdf3909911b876fb8b240ae4e2cfa274acd93d78e2fc65d1d981a295ce0a, form-fiddle-20260218-a4481cc/form-fiddle.asd
global-vars, ghcr.io/ocicl/global-vars@sha256:d197e871c9c9abc4bf31b1186f5fd28f0ca848ebe2e9dddf2d82ecee01dbdc65, global-vars-20240503-c749f32/global-vars.asd
global-vars-test, ghcr.io/ocicl/global-vars@sha256:d197e871c9c9abc4bf31b1186f5fd28f0ca848ebe2e9dddf2d82ecee01dbdc65, global-vars-20240503-c749f32/global-vars-test.asd
hunchensocket, ghcr.io/ocicl/hunchensocket@sha256:bafadb780ac8ea406c35449f323eddcd9cc0b04f9cdd1f9c3ac4f14e674f3326, hunchensocket-20241018-8f90c5b/hunchensocket.asd
hunchensocket-tests, ghcr.io/ocicl/hunchensocket@sha256:bafadb780ac8ea406c35449f323eddcd9cc0b04f9cdd1f9c3ac4f14e674f3326, hunchensocket-20241018-8f90c5b/hunchensocket-tests.asd
hunchentoot, ghcr.io/ocicl/hunchentoot@sha256:1dbccc1f9770d3d8917ef87d71720b4ec7f2d6bebf24a3072afca478b00b4427, hunchentoot-1.3.1/hunchentoot.asd
idna, ghcr.io/ocicl/idna@sha256:b1737dbce42904f75c724350c3e057770c7777f1f5596c6358875dfb2e542eac, idna-20240503-bf789e6/idna.asd
introspect-environment, ghcr.io/ocicl/introspect-environment@sha256:4fa482690dee130996f1d0f89b470e0e84c92f22caea7649d3b83ce3e49c78ba, introspect-environment-20240503-69a50ac/introspect-environment.asd
introspect-environment-test, ghcr.io/ocicl/introspect-environment@sha256:4fa482690dee130996f1d0f89b470e0e84c92f22caea7649d3b83ce3e49c78ba, introspect-environment-20240503-69a50ac/introspect-environment-test.asd
iolib, ghcr.io/ocicl/iolib@sha256:0f523172cd40b937dc1ed3ecd8d3ac1b5cb41c772c60f7ccbc42b2fa9e315047, iolib-20260812-c939f25/iolib.asd
iolib.asdf, ghcr.io/ocicl/iolib@sha256:0f523172cd40b937dc1ed3ecd8d3ac1b5cb41c772c60f7ccbc42b2fa9e315047, iolib-20260812-c939f25/iolib.asdf.asd
iolib.base, ghcr.io/ocicl/iolib@sha256:0f523172cd40b937dc1ed3ecd8d3ac1b5cb41c772c60f7ccbc42b2fa9e315047, iolib-20260812-c939f25/iolib.base.asd
iolib.common-lisp, ghcr.io/ocicl/iolib@sha256:0f523172cd40b937dc1ed3ecd8d3ac1b5cb41c772c60f7ccbc42b2fa9e315047, iolib-20260812-c939f25/iolib.common-lisp.asd
iolib.conf, ghcr.io/ocicl/iolib@sha256:0f523172cd40b937dc1ed3ecd8d3ac1b5cb41c772c60f7ccbc42b2fa9e315047, iolib-20260812-c939f25/iolib.conf.asd
iolib.examples, ghcr.io/ocicl/iolib@sha256:0f523172cd40b937dc1ed3ecd8d3ac1b5cb41c772c60f7ccbc42b2fa9e315047, iolib-20260812-c939f25/iolib.examples.asd
ironclad, ghcr.io/ocicl/ironclad@sha256:3117e5a26a3e94924074c3548c235a2b733609ed61a2731880ac9e31df55428b, ironclad-20240503-6da010f/ironclad.asd
ironclad-text, ghcr.io/ocicl/ironclad@sha256:3117e5a26a3e94924074c3548c235a2b733609ed61a2731880ac9e31df55428b, ironclad-20240503-6da010f/ironclad-text.asd
iterate, ghcr.io/ocicl/iterate@sha256:6950c55e3782d58cabbbb5753111a70d8cafab8348b7fd6f2143d9abeaab46fb, iterate-20250703-d27d7ff/iterate.asd
jsown, ghcr.io/ocicl/jsown@sha256:53af143a363c8fdaaf6bda090af3d8968672898768a0a5b762f748e2d34dbaba, jsown-20260812-4092b4f/jsown.asd
jsown-tests, ghcr.io/ocicl/jsown@sha256:53af143a363c8fdaaf6bda090af3d8968672898768a0a5b762f748e2d34dbaba, jsown-20260812-4092b4f/tests/jsown-tests.asd
lisp-namespace, ghcr.io/ocicl/lisp-namespace@sha256:ae08006e0b267958c50160658c729c799c6e1c18d94eef83f2ce5cf6ab8bbd20, lisp-namespace-20240503-699fccb/lisp-namespace.asd
lisp-namespace.test, ghcr.io/ocicl/lisp-namespace@sha256:ae08006e0b267958c50160658c729c799c6e1c18d94eef83f2ce5cf6ab8bbd20, lisp-namespace-20240503-699fccb/lisp-namespace.test.asd
local-time, ghcr.io/ocicl/local-time@sha256:73545a4ff5ab4edc96acf2affd1cbe28295d655d7bd51eaff509269a476b6bda, local-time-20260812-59d93f7/local-time.asd
lquery, ghcr.io/ocicl/lquery@sha256:6897d9868cfe82c91e1088a0a7ee00c1e97a1248eba25434d5ecdb1c51069606, lquery-20260218-08c9cb6/lquery.asd
lquery-test, ghcr.io/ocicl/lquery@sha256:6897d9868cfe82c91e1088a0a7ee00c1e97a1248eba25434d5ecdb1c51069606, lquery-20260218-08c9cb6/lquery-test.asd
md5, ghcr.io/ocicl/md5@sha256:7d8a8d7af07a2bcbca05ad839555730a0e021c697bf13cc02279669c7a9b038b, md5-2.0.5/md5.asd
mgl-pax, ghcr.io/ocicl/mgl-pax-bootstrap@sha256:1c15644701ad5b8e441b2724c265c995437052beb52322c447816c3cc17c564a, mgl-pax-20260313-f7f9414/mgl-pax.asd
mgl-pax-bootstrap, ghcr.io/ocicl/mgl-pax-bootstrap@sha256:1c15644701ad5b8e441b2724c265c995437052beb52322c447816c3cc17c564a, mgl-pax-20260313-f7f9414/mgl-pax-bootstrap.asd
mgl-pax-test, ghcr.io/ocicl/mgl-pax-bootstrap@sha256:1c15644701ad5b8e441b2724c265c995437052beb52322c447816c3cc17c564a, mgl-pax-20260313-f7f9414/mgl-pax-test.asd
mgl-pax.asdf, ghcr.io/ocicl/mgl-pax-bootstrap@sha256:1c15644701ad5b8e441b2724c265c995437052beb52322c447816c3cc17c564a, mgl-pax-20260313-f7f9414/mgl-pax.asdf.asd
multilang-documentation-utils, ghcr.io/ocicl/documentation-utils@sha256:b2a1b3f3bcd1a738af85ae2b0168d408c177661eab6d6bbebb254e394d983f54, documentation-utils-20230511-98630dd/multilang-documentation-utils.asd
named-readtables, ghcr.io/ocicl/named-readtables@sha256:9c467a5a6d7b4e928d4ca48986e14312cf29cd5a71347be0ebb515ebb964ced2, named-readtables-20260701-9b774b5/named-readtables.asd
named-readtables-test, ghcr.io/ocicl/named-readtables@sha256:9c467a5a6d7b4e928d4ca48986e14312cf29cd5a71347be0ebb515ebb964ced2, named-readtables-20260701-9b774b5/named-readtables-test.asd
net.didierverna.asdf-flv, ghcr.io/ocicl/net.didierverna.asdf-flv@sha256:e5cd087d41cf24302a92d9bac426a925f8868b554be2414c0f012c961e3ddb8c, asdf-flv-20240503-3f1de41/net.didierverna.asdf-flv.asd
osicat, ghcr.io/ocicl/osicat@sha256:48af110420f02e99c37370e48bee10d7c7aada7e563483e1f47e3bc1173545f9, osicat-20251007-68732bd/osicat.asd
parse-declarations-1.0, ghcr.io/ocicl/parse-declarations-1.0@sha256:9305fa9624205b16fd1fc51cb1cc4282a18e50eee9ac75b66a14f6f2c5df9518, parse-declarations-20240503-549aebb/parse-declarations-1.0.asd
parse-number, ghcr.io/ocicl/parse-number@sha256:11f3f9f512871e1f96cea6b8260aa3610e34e8fd7272bbcdb210fd3c5dd8025c, parse-number-20240503-cb9e487/parse-number.asd
plump, ghcr.io/ocicl/plump-parser@sha256:ec5b30ac56f19035aea27050f62e0d417bb083fffa85387365cdd3778606903a, plump-20260417-45fb7ff/plump.asd
plump-dom, ghcr.io/ocicl/plump-parser@sha256:ec5b30ac56f19035aea27050f62e0d417bb083fffa85387365cdd3778606903a, plump-20260417-45fb7ff/plump-dom.asd
plump-lexer, ghcr.io/ocicl/plump-parser@sha256:ec5b30ac56f19035aea27050f62e0d417bb083fffa85387365cdd3778606903a, plump-20260417-45fb7ff/plump-lexer.asd
plump-parser, ghcr.io/ocicl/plump-parser@sha256:ec5b30ac56f19035aea27050f62e0d417bb083fffa85387365cdd3778606903a, plump-20260417-45fb7ff/plump-parser.asd
precise-time, ghcr.io/ocicl/precise-time@sha256:0fa8039008f0635013d25c14d50c5743c64d6a1ef64bd0e62d1785a4b9d3a873, precise-time-20260218-93ea6ae/precise-time.asd
proc-parse, ghcr.io/ocicl/proc-parse@sha256:0880f9acb35eb9efbe1f77a981e36e84e8f29a22b14f680c7686eb381fa87bd6, proc-parse-20240503-3afe2b7/proc-parse.asd
proc-parse-test, ghcr.io/ocicl/proc-parse@sha256:0880f9acb35eb9efbe1f77a981e36e84e8f29a22b14f680c7686eb381fa87bd6, proc-parse-20240503-3afe2b7/proc-parse-test.asd
pure-tls, ghcr.io/ocicl/pure-tls@sha256:79d365c9bd6520f008be80caadbfddb7a9bdc1815f3d70614c7383aa5315ba91, pure-tls-20260726-79230b1/pure-tls.asd
puri, ghcr.io/ocicl/puri@sha256:b803fb9444eaf2c7053812e19d342d4ce6a05fd1880fa3a2a2f824769a6d58d2, puri-20260406-4bbab89/puri.asd
quri, ghcr.io/ocicl/quri@sha256:e2559f91600e4895e115b42dde88fcaac3677f051335d73431888dcf7af99f95, quri-0.7.0/quri.asd
quri-test, ghcr.io/ocicl/quri@sha256:e2559f91600e4895e115b42dde88fcaac3677f051335d73431888dcf7af99f95, quri-0.7.0/quri-test.asd
rfc2388, ghcr.io/ocicl/rfc2388@sha256:4190f6eb36b3b2f53def6eff56b44e76edf4086ada2feb6d88bb671a40fc9f70, rfc2388-20240503-591bcf7/rfc2388.asd
salza2, ghcr.io/ocicl/salza2@sha256:0f9d930524b469e1442372a6e12b26742d9e6a1144e6a455006943190d1ea71e, salza2-2.1/salza2.asd
serapeum, ghcr.io/ocicl/serapeum@sha256:9e5fbff1d7529972caaf2b8c14e22921c80ac030d877aee4e194e14c4e2cb27f, serapeum-20260716-ff930b6/serapeum.asd
sha1, ghcr.io/ocicl/sha1@sha256:d332af205bf3b5db2bdf8ea6df9f5127627343ce19bc313d00cfa2d80a5fb404, sha1-20240503-be8b1b1/sha1.asd
slynk, ghcr.io/ocicl/slynk@sha256:7bd34c2521a5db51b7c18f1e5a7c4c028f9c8d8efe4ad851ab3b65c7b753107a, sly-20260812-3ffa216/slynk/slynk.asd
smart-buffer, ghcr.io/ocicl/smart-buffer@sha256:b8d194f5881c415fd7f0099b88dfd9e2158405c2966de15c716b155a364bf0f7, smart-buffer-20240503-619759d/smart-buffer.asd
smart-buffer-test, ghcr.io/ocicl/smart-buffer@sha256:b8d194f5881c415fd7f0099b88dfd9e2158405c2966de15c716b155a364bf0f7, smart-buffer-20240503-619759d/smart-buffer-test.asd
split-sequence, ghcr.io/ocicl/split-sequence@sha256:3a37662eedd99c42995587b9d443c4631f25c4c523091bcca31a27b880585b8e, split-sequence-2.0.1/split-sequence.asd
static-vectors, ghcr.io/ocicl/static-vectors@sha256:53e11e5689c3dbea6a3017760b55f052588003d774913539930ddc4330a69970, static-vectors-20240624-3d9d89b/static-vectors.asd
string-case, ghcr.io/ocicl/string-case@sha256:9db2d4160b76ce1ed9f754d12f679c665593a9a436177d36380a1a8a176ec16a, string-case-20240503-718c761/string-case.asd
swap-bytes, ghcr.io/ocicl/swap-bytes@sha256:06edc17deb0f27cdf6290689711ece670a8282dfd07b732a9adc541af1ce7ed6, swap-bytes-20240503-43ab141/swap-bytes.asd
termp, ghcr.io/ocicl/termp@sha256:41f6698b205da0d8ca32f811fd3d4f9652e5f5d6d126e746498b6f23e8175f7f, termp-20260814-a549813/termp.asd
trivia, ghcr.io/ocicl/trivia@sha256:51db74757bc31ceaf3a643914a8ffa87825799097dea4912650e6ac62bed5209, trivia-20240904-4383dd8/trivia.asd
trivia.balland2006, ghcr.io/ocicl/trivia@sha256:51db74757bc31ceaf3a643914a8ffa87825799097dea4912650e6ac62bed5209, trivia-20240904-4383dd8/trivia.balland2006.asd
trivia.benchmark, ghcr.io/ocicl/trivia@sha256:51db74757bc31ceaf3a643914a8ffa87825799097dea4912650e6ac62bed5209, trivia-20240904-4383dd8/trivia.benchmark.asd
trivia.cffi, ghcr.io/ocicl/trivia@sha256:51db74757bc31ceaf3a643914a8ffa87825799097dea4912650e6ac62bed5209, trivia-20240904-4383dd8/trivia.cffi.asd
trivia.fset, ghcr.io/ocicl/trivia@sha256:51db74757bc31ceaf3a643914a8ffa87825799097dea4912650e6ac62bed5209, trivia-20240904-4383dd8/trivia.fset.asd
trivia.level0, ghcr.io/ocicl/trivia@sha256:51db74757bc31ceaf3a643914a8ffa87825799097dea4912650e6ac62bed5209, trivia-20240904-4383dd8/trivia.level0.asd
trivia.level1, ghcr.io/ocicl/trivia@sha256:51db74757bc31ceaf3a643914a8ffa87825799097dea4912650e6ac62bed5209, trivia-20240904-4383dd8/trivia.level1.asd
trivia.level2, ghcr.io/ocicl/trivia@sha256:51db74757bc31ceaf3a643914a8ffa87825799097dea4912650e6ac62bed5209, trivia-20240904-4383dd8/trivia.level2.asd
trivia.ppcre, ghcr.io/ocicl/trivia@sha256:51db74757bc31ceaf3a643914a8ffa87825799097dea4912650e6ac62bed5209, trivia-20240904-4383dd8/trivia.ppcre.asd
trivia.quasiquote, ghcr.io/ocicl/trivia@sha256:51db74757bc31ceaf3a643914a8ffa87825799097dea4912650e6ac62bed5209, trivia-20240904-4383dd8/trivia.quasiquote.asd
trivia.test, ghcr.io/ocicl/trivia@sha256:51db74757bc31ceaf3a643914a8ffa87825799097dea4912650e6ac62bed5209, trivia-20240904-4383dd8/trivia.test.asd
trivia.trivial, ghcr.io/ocicl/trivia@sha256:51db74757bc31ceaf3a643914a8ffa87825799097dea4912650e6ac62bed5209, trivia-20240904-4383dd8/trivia.trivial.asd
trivial-backtrace, ghcr.io/ocicl/trivial-backtrace@sha256:89a3138695bb767c50001402fad60dacfc1e867e4e3d3579cc6f636d3e29a51c, trivial-backtrace-20240503-7f90b4a/trivial-backtrace.asd
trivial-backtrace-test, ghcr.io/ocicl/trivial-backtrace@sha256:89a3138695bb767c50001402fad60dacfc1e867e4e3d3579cc6f636d3e29a51c, trivial-backtrace-20240503-7f90b4a/trivial-backtrace-test.asd
trivial-channels, ghcr.io/ocicl/trivial-channels@sha256:9b190fcc1853729090ff0b27d24c916dcb166bbb5bad6456340f9b05f3689b3d, trivial-channels-20240503-e237011/trivial-channels.asd
trivial-cltl2, ghcr.io/ocicl/trivial-cltl2@sha256:69470b4f6469314799074b9d944050dc4bcb67d5cbb2ba32c7a8899bb492f04e, trivial-cltl2-20230809-2ada872/trivial-cltl2.asd
trivial-features, ghcr.io/ocicl/trivial-features@sha256:e278e24d39060fc7d3715531b16ddd9ab7f93f22ade53e436c0b86dbae3aa065, trivial-features-1.0/trivial-features.asd
trivial-features-tests, ghcr.io/ocicl/trivial-features@sha256:e278e24d39060fc7d3715531b16ddd9ab7f93f22ade53e436c0b86dbae3aa065, trivial-features-1.0/trivial-features-tests.asd
trivial-file-size, ghcr.io/ocicl/trivial-file-size@sha256:dfe138877e024d36e51fa14b1bcabf11e99e5745baa42ef4f627438485030f5c, trivial-file-size-20250427-60fd1bf/trivial-file-size.asd
trivial-garbage, ghcr.io/ocicl/trivial-garbage@sha256:a85dcf4110ad60ae9f6c70970acceb2bf12402ce5326891643d35506059afb1d, trivial-garbage-20240503-3474f64/trivial-garbage.asd
trivial-gray-streams, ghcr.io/ocicl/trivial-gray-streams@sha256:d28c1b2a253a3b4efee0463d83b9247c03fd49601f24c6ab177e651d6a3325fa, trivial-gray-streams-20260812-e9adf98/trivial-gray-streams.asd
trivial-gray-streams-test, ghcr.io/ocicl/trivial-gray-streams@sha256:d28c1b2a253a3b4efee0463d83b9247c03fd49601f24c6ab177e651d6a3325fa, trivial-gray-streams-20260812-e9adf98/trivial-gray-streams-test.asd
trivial-indent, ghcr.io/ocicl/trivial-indent@sha256:f836220f8b42c9fef8e8e48e94ffa4435be2a743d5c668ae889304a6ac1e29d2, trivial-indent-20260812-5905ac0/trivial-indent.asd
trivial-macroexpand-all, ghcr.io/ocicl/trivial-macroexpand-all@sha256:b23da4c2e508efe2396ec8f721cb22b8a4c076b2f0aea014a09f69dfd716d7f8, trivial-macroexpand-all-20250518-b6e4efa/trivial-macroexpand-all.asd
trivial-mimes, ghcr.io/ocicl/trivial-mimes@sha256:a92350000c29520f98e349019917e9e6d283e5ff218361bae791fc5af9d17dcf, trivial-mimes-20260218-8b1ea12/trivial-mimes.asd
trivial-timeout, ghcr.io/ocicl/trivial-timeout@sha256:18f5f87e1fa3a35e5608cd424d22c2b24f581f810d9f9f8c6229b849c2f239ad, trivial-timeout-20240503-e70d9b4/trivial-timeout.asd
trivial-timeout-test, ghcr.io/ocicl/trivial-timeout@sha256:18f5f87e1fa3a35e5608cd424d22c2b24f581f810d9f9f8c6229b849c2f239ad, trivial-timeout-20240503-e70d9b4/trivial-timeout-test.asd
trivial-utf-8, ghcr.io/ocicl/trivial-utf-8@sha256:014e7fa0edd7f351c8b38c3247e0cdda438235bb8a086bb0f2bac08f78ef400d, trivial-utf-8-20240503-ba9b4ff/trivial-utf-8.asd
trivial-with-current-source-form, ghcr.io/ocicl/trivial-with-current-source-form@sha256:955baad39fb52d9d02af21ea36442c9675419c2486392279f669ada9788f3e3b, trivial-with-current-source-form-20240503-dc3fff9/trivial-with-current-source-form.asd
tuition, ghcr.io/ocicl/tuition@sha256:796dad0ff34014521d8b4d96e3b74167a1a566ea4ea90cf92c27c96b55ee319a, cl-tuition-20260809-6f69592/tuition.asd
type-i, ghcr.io/ocicl/type-i@sha256:de5c3e7f7b72409c5ec49885eea8c6fe2e02def2846cf97f70c1c21f21a1567c, type-i-20240503-4407a68/type-i.asd
type-i.test, ghcr.io/ocicl/type-i@sha256:de5c3e7f7b72409c5ec49885eea8c6fe2e02def2846cf97f70c1c21f21a1567c, type-i-20240503-4407a68/type-i.test.asd
uffi, ghcr.io/ocicl/cffi@sha256:5233d1704f5e84297dbd776e5e45aa409ccc155a29baa51c1b912e69e983d4c0, cffi-20260716-7910d7e/uffi-compat/uffi.asd
usocket, ghcr.io/ocicl/usocket@sha256:282856b819b22a4319ba30a15605ee934aa23292a471fd29ea4d3f2074b3f16d, usocket-0.8.8/usocket.asd
usocket-server, ghcr.io/ocicl/usocket@sha256:282856b819b22a4319ba30a15605ee934aa23292a471fd29ea4d3f2074b3f16d, usocket-0.8.8/usocket-server.asd
usocket-test, ghcr.io/ocicl/usocket@sha256:282856b819b22a4319ba30a15605ee934aa23292a471fd29ea4d3f2074b3f16d, usocket-0.8.8/usocket-test.asd
version-string, ghcr.io/ocicl/version-string@sha256:eb8f45786af7fd6f792aecada1f905870f1d79abfaee0ceb774a94824ad9b14f, cl-version-string-20251228-668f2fa/version-string.asd
winhttp, ghcr.io/ocicl/winhttp@sha256:f4955086d194e6ae1665894da2149dac0ad850d95369f85fdda4d95cd06f3641, winhttp-20240503-8611ba5/winhttp.asd
with-user-abort, ghcr.io/ocicl/with-user-abort@sha256:c19560034f9909a7afb4110b5efd939a9f1e829d9ef9887797b98679f290c480, with-user-abort-20240503-a3db02e/with-user-abort.asd
xsubseq, ghcr.io/ocicl/xsubseq@sha256:7605d14f7cc7fd2f63190ad81fe7bd65daef105d6728ee6bb59baef49da2aa51, xsubseq-20240503-5ce430b/xsubseq.asd
xsubseq-test, ghcr.io/ocicl/xsubseq@sha256:7605d14f7cc7fd2f63190ad81fe7bd65daef105d6728ee6bb59baef49da2aa51, xsubseq-20240503-5ce430b/xsubseq-test.asd
yason, ghcr.io/ocicl/yason@sha256:d4857f9cbdd68a5d1332c7f8a4a2374b1ae0dc567d4b8f90795ff38fd490876b, yason-20250323-0c84b29/yason.asd
yason-tests, ghcr.io/ocicl/yason@sha256:d4857f9cbdd68a5d1332c7f8a4a2374b1ae0dc567d4b8f90795ff38fd490876b, yason-20250323-0c84b29/yason-tests.asd
zip, ghcr.io/ocicl/zip@sha256:d58caf65f9942491bb1944240479d373d9cad9c7fb94133f7f165883acfb50bc, zip-20240503-688b154/zip.asd
